{
    "accuracy": 0.5246636771300448,
    "precision": 0.4395119409099672,
    "recall": 0.4821428571428571,
    "f1": 0.4223035556117902
}