{
    "accuracy": 0.39461883408071746,
    "precision": 0.34889136598695425,
    "recall": 0.4210565476190476,
    "f1": 0.3325920241383835,
    "hamming_loss": 0.6053811659192825
}