{
    "accuracy": 0.9147982062780269,
    "precision": 0.9325487012987013,
    "recall": 0.9140625,
    "f1": 0.9065438130840607,
    "hamming_loss": 0.08520179372197309
}