{
    "accuracy": 0.7802690582959642,
    "precision": 0.7861702533577533,
    "recall": 0.7591145833333334,
    "f1": 0.7500029586426645,
    "hamming_loss": 0.21973094170403587
}