{
    "accuracy": 0.7309417040358744,
    "precision": 0.7187195616883117,
    "recall": 0.7022321428571429,
    "f1": 0.693811299209906,
    "hamming_loss": 0.26905829596412556
}