{
    "accuracy": 0.27802690582959644,
    "precision": 0.22689826972455646,
    "recall": 0.2908482142857143,
    "f1": 0.21048140456035194,
    "hamming_loss": 0.7219730941704036
}