{
    "accuracy": 0.6591928251121076,
    "precision": 0.7183577273421023,
    "recall": 0.6548363095238096,
    "f1": 0.6201086526254365
}