{
    "accuracy": 0.6457399103139013,
    "precision": 0.7300696699134199,
    "recall": 0.6438244047619047,
    "f1": 0.6409366733006565,
    "hamming_loss": 0.3542600896860987
}