{
    "accuracy": 0.9013452914798207,
    "precision": 0.9136498917748918,
    "recall": 0.9008556547619049,
    "f1": 0.9011882974803833,
    "hamming_loss": 0.09865470852017937
}