{
    "accuracy": 0.6412556053811659,
    "precision": 0.6125992063492063,
    "recall": 0.6158854166666666,
    "f1": 0.5816794143800217,
    "hamming_loss": 0.35874439461883406
}