{
    "accuracy": 0.8968609865470852,
    "precision": 0.9182212752525253,
    "recall": 0.9014136904761905,
    "f1": 0.8930553566123419,
    "hamming_loss": 0.1031390134529148
}