{
    "accuracy": 0.905829596412556,
    "precision": 0.8957217261904762,
    "recall": 0.9066220238095238,
    "f1": 0.8929056186868687,
    "hamming_loss": 0.09417040358744394
}