{
    "accuracy": 0.6367713004484304,
    "precision": 0.6657077935340803,
    "recall": 0.6128348214285714,
    "f1": 0.5909131870988489
}